Time_abs/ps, Signal 1/nA, Signal 2/nA
  1610.000,     0.003285,    -0.001140
  1610.050,    -0.003617,    -0.001471
  1610.100,     0.001064,    -0.000170
  1610.150,     0.000744,     0.000280
  1610.200,    -0.001476,     0.002501
  1610.250,    -0.000277,     0.001937
  1610.300,     0.002486,     0.000884
  1610.350,    -0.005025,     0.001414
  1610.400,    -0.001659,     0.001377
  1610.450,    -0.002147,    -0.000553
  1610.500,    -0.001416,     0.000060
  1610.550,    -0.006544,    -0.002156
  1610.600,    -0.000270,     0.000035
  1610.650,    -0.000966,    -0.000934
  1610.700,    -0.000741,    -0.000215
  1610.750,    -0.002319,    -0.000557
  1610.800,    -0.004216,     0.001791
  1610.850,    -0.007926,     0.001055
  1610.900,    -0.015415,     0.000907
  1610.950,    -0.015887,     0.001496
  1611.000,    -0.027830,    -0.000831
  1611.050,    -0.035226,     0.000969
  1611.100,    -0.040185,     0.000048
  1611.150,    -0.041816,    -0.001509
  1611.200,    -0.042324,    -0.002206
  1611.250,    -0.036317,    -0.001508
  1611.300,    -0.033183,    -0.001909
  1611.350,    -0.033166,     0.000590
  1611.400,    -0.032411,     0.000915
  1611.450,    -0.036643,     0.001080
  1611.500,    -0.037366,     0.000758
  1611.550,    -0.037525,     0.000707
  1611.600,    -0.046609,    -0.001121
  1611.650,    -0.049007,     0.000274
  1611.700,    -0.053626,    -0.000962
  1611.750,    -0.061613,     0.001254
  1611.800,    -0.067257,     0.001205
  1611.850,    -0.072848,     0.000605
  1611.900,    -0.080195,    -0.001716
  1611.950,    -0.076342,    -0.002201
  1612.000,    -0.070097,    -0.000433
  1612.050,    -0.079807,    -0.000596
  1612.100,    -0.076949,     0.000850
  1612.150,    -0.074978,     0.002628
  1612.200,    -0.075407,     0.001499
  1612.250,    -0.072066,     0.000152
  1612.300,    -0.077298,     0.002664
  1612.350,    -0.071960,     0.000356
  1612.400,    -0.073022,     0.000969
  1612.450,    -0.075433,     0.000027
  1612.500,    -0.077064,    -0.001402
  1612.550,    -0.080017,    -0.000316
  1612.600,    -0.072815,    -0.001185
  1612.650,    -0.067057,    -0.002208
  1612.700,    -0.077093,    -0.000775
  1612.750,    -0.070693,    -0.001466
  1612.800,    -0.067554,    -0.000301
  1612.850,    -0.068028,    -0.000024
  1612.900,    -0.063816,     0.000367
  1612.950,    -0.060512,     0.000944
  1613.000,    -0.059041,     0.000985
  1613.050,    -0.052153,     0.000998
  1613.100,    -0.055248,     0.000237
  1613.150,    -0.052302,    -0.000848
  1613.200,    -0.040778,     0.000806
  1613.250,    -0.036696,     0.000077
  1613.300,    -0.036167,    -0.000514
  1613.350,    -0.025110,    -0.000743
  1613.400,    -0.018327,    -0.000281
  1613.450,    -0.011257,    -0.000271
  1613.500,    -0.005820,     0.000249
  1613.550,     0.012203,     0.000704
  1613.600,     0.025328,     0.000169
  1613.650,     0.043341,     0.002130
  1613.700,     0.059694,     0.001182
  1613.750,     0.077561,     0.001754
  1613.800,     0.107539,     0.001259
  1613.850,     0.136991,     0.000079
  1613.900,     0.161314,     0.000784
  1613.950,     0.193178,    -0.000238
  1614.000,     0.205563,    -0.000778
  1614.050,     0.208561,    -0.001548
  1614.100,     0.176423,    -0.001416
  1614.150,     0.101438,    -0.000876
  1614.200,    -0.028224,    -0.000526
  1614.250,    -0.217559,    -0.000503
  1614.300,    -0.456548,    -0.000449
  1614.350,    -0.730509,    -0.000944
  1614.400,    -0.992528,     0.001294
  1614.450,    -1.209849,     0.000624
  1614.500,    -1.326888,     0.001578
  1614.550,    -1.322229,     0.001093
  1614.600,    -1.194593,     0.000286
  1614.650,    -0.989231,    -0.000295
  1614.700,    -0.750796,     0.000358
  1614.750,    -0.507949,    -0.000505
  1614.800,    -0.289000,    -0.000623
  1614.850,    -0.097003,     0.000385
  1614.900,     0.046571,    -0.000862
  1614.950,     0.138078,    -0.000181
  1615.000,     0.170788,     0.000109
  1615.050,     0.161240,    -0.000441
  1615.100,     0.123222,    -0.000491
  1615.150,     0.077087,     0.000830
  1615.200,     0.021393,    -0.000246
  1615.250,    -0.042917,     0.000204
  1615.300,    -0.098496,    -0.000016
  1615.350,    -0.137487,     0.000497
  1615.400,    -0.163104,     0.000245
  1615.450,    -0.186875,     0.001104
  1615.500,    -0.196009,     0.000971
  1615.550,    -0.212743,     0.000214
  1615.600,    -0.232413,     0.000219
  1615.650,    -0.250343,     0.000117
  1615.700,    -0.272350,    -0.000509
  1615.750,    -0.294717,     0.000299
  1615.800,    -0.309633,    -0.000203
  1615.850,    -0.326648,     0.000757
  1615.900,    -0.337791,     0.000663
  1615.950,    -0.340787,     0.001039
  1616.000,    -0.344736,     0.000733
  1616.050,    -0.337698,    -0.000296
  1616.100,    -0.329243,    -0.001221
  1616.150,    -0.318549,    -0.001128
  1616.200,    -0.317781,     0.000052
  1616.250,    -0.314233,     0.000461
  1616.300,    -0.315290,     0.000286
  1616.350,    -0.321119,    -0.000071
  1616.400,    -0.322268,     0.000876
  1616.450,    -0.325137,     0.001076
  1616.500,    -0.332890,     0.001605
  1616.550,    -0.335979,     0.001119
  1616.600,    -0.337506,     0.000156
  1616.650,    -0.338022,     0.000744
  1616.700,    -0.348619,     0.000777
  1616.750,    -0.352433,    -0.000384
  1616.800,    -0.363395,     0.000464
  1616.850,    -0.384755,     0.000651
  1616.900,    -0.420365,     0.000374
  1616.950,    -0.458513,    -0.001761
  1617.000,    -0.507259,    -0.000575
  1617.050,    -0.566457,    -0.000183
  1617.100,    -0.613467,    -0.001681
  1617.150,    -0.641086,    -0.001064
  1617.200,    -0.637323,     0.001211
  1617.250,    -0.604849,     0.001138
  1617.300,    -0.543752,     0.000549
  1617.350,    -0.471868,     0.001321
  1617.400,    -0.408372,     0.001745
  1617.450,    -0.359800,     0.000997
  1617.500,    -0.333732,     0.000922
  1617.550,    -0.330032,     0.001231
  1617.600,    -0.340895,     0.000158
  1617.650,    -0.363702,     0.000676
  1617.700,    -0.400604,    -0.000094
  1617.750,    -0.444419,     0.000611
  1617.800,    -0.480223,    -0.000679
  1617.850,    -0.502858,    -0.001039
  1617.900,    -0.518969,    -0.001047
  1617.950,    -0.522727,    -0.000924
  1618.000,    -0.514594,    -0.000803
  1618.050,    -0.501679,    -0.000503
  1618.100,    -0.481267,     0.001287
  1618.150,    -0.460561,     0.001031
  1618.200,    -0.431794,     0.001598
  1618.250,    -0.410426,     0.002247
  1618.300,    -0.389593,     0.001392
  1618.350,    -0.360015,    -0.000156
  1618.400,    -0.322745,     0.000759
  1618.450,    -0.284359,     0.000546
  1618.500,    -0.232119,     0.000159
  1618.550,    -0.167545,    -0.000376
  1618.600,    -0.089621,    -0.000181
  1618.650,    -0.000340,    -0.001286
  1618.700,     0.099058,    -0.001795
  1618.750,     0.195469,     0.000584
  1618.800,     0.283848,    -0.000700
  1618.850,     0.332355,    -0.002289
  1618.900,     0.316146,    -0.000637
  1618.950,     0.172126,     0.000166
  1619.000,    -0.187331,     0.000005
  1619.050,    -0.842378,     0.000407
  1619.100,    -1.870991,     0.000578
  1619.150,    -3.316917,     0.001175
  1619.200,    -5.123865,     0.001142
  1619.250,    -7.040040,     0.000205
  1619.300,    -8.663546,     0.000932
  1619.350,    -9.511052,     0.001105
  1619.400,    -9.156200,    -0.000336
  1619.450,    -7.427482,    -0.000095
  1619.500,    -4.543454,     0.000140
  1619.550,    -1.056516,     0.000033
  1619.600,     2.299983,    -0.000828
  1619.650,     4.940367,    -0.000119
  1619.700,     6.607840,     0.000035
  1619.750,     7.288423,     0.001075
  1619.800,     7.125527,     0.000581
  1619.850,     6.237563,    -0.000313
  1619.900,     4.769637,     0.001161
  1619.950,     2.977383,     0.001096
  1620.000,     1.233593,    -0.000123
  1620.050,    -0.149696,     0.000435
  1620.100,    -1.038124,     0.000235
  1620.150,    -1.501733,     0.000208
  1620.200,    -1.672790,    -0.000728
  1620.250,    -1.589968,    -0.000834
  1620.300,    -1.256248,     0.000027
  1620.350,    -0.751884,    -0.000856
  1620.400,    -0.228211,    -0.001543
  1620.450,     0.192741,     0.000474
  1620.500,     0.452509,     0.000418
  1620.550,     0.600924,     0.000165
  1620.600,     0.706894,     0.001936
  1620.650,     0.812694,     0.002256
  1620.700,     0.952644,     0.002395
  1620.750,     1.163135,     0.002066
  1620.800,     1.481543,     0.001684
  1620.850,     1.918116,     0.001478
  1620.900,     2.485120,     0.000572
  1620.950,     3.179397,    -0.000423
  1621.000,     3.964942,    -0.000607
  1621.050,     4.808595,    -0.000561
  1621.100,     5.678829,    -0.000740
  1621.150,     6.577212,    -0.001427
  1621.200,     7.518799,    -0.000731
  1621.250,     8.529878,    -0.000401
  1621.300,     9.626070,    -0.001087
  1621.350,    10.843059,    -0.001715
  1621.400,    12.231394,    -0.000815
  1621.450,    13.832280,     0.000228
  1621.500,    15.686703,    -0.000573
  1621.550,    17.813259,    -0.000003
  1621.600,    20.234436,    -0.001894
  1621.650,    22.961912,    -0.002484
  1621.700,    26.019050,    -0.000611
  1621.750,    29.430100,    -0.003404
  1621.800,    33.221578,    -0.005934
  1621.850,    37.444331,    -0.006305
  1621.900,    42.109254,    -0.004831
  1621.950,    47.173745,    -0.006254
  1622.000,    52.531798,    -0.008131
  1622.050,    57.995130,    -0.007670
  1622.100,    63.197326,    -0.006628
  1622.150,    67.478653,    -0.004292
  1622.200,    69.728868,    -0.001459
  1622.250,    68.147036,     0.001977
  1622.300,    60.057335,     0.005220
  1622.350,    41.811379,     0.010000
  1622.400,     8.923204,     0.015716
  1622.450,   -43.173274,     0.022205
  1622.500,  -117.395478,     0.027011
  1622.550,  -212.806135,     0.029226
  1622.600,  -322.293261,     0.027987
  1622.650,  -431.299714,     0.024788
  1622.700,  -518.812050,     0.019060
  1622.750,  -561.293117,     0.013215
  1622.800,  -540.558570,     0.010807
  1622.850,  -452.951234,     0.013278
  1622.900,  -313.107086,     0.018384
  1622.950,  -147.866987,     0.019909
  1623.000,    15.645337,     0.015477
  1623.050,   158.852446,     0.010521
  1623.100,   272.234356,     0.003339
  1623.150,   350.598947,    -0.003129
  1623.200,   389.782202,    -0.009376
  1623.250,   388.257154,    -0.012780
  1623.300,   351.445589,    -0.013496
  1623.350,   292.583969,    -0.015571
  1623.400,   226.978468,    -0.015679
  1623.450,   164.695331,    -0.014800
  1623.500,   108.989636,    -0.012875
  1623.550,    60.844033,    -0.010535
  1623.600,    23.102570,    -0.010248
  1623.650,    -0.818933,    -0.007825
  1623.700,   -10.957675,    -0.005829
  1623.750,   -11.877495,    -0.003627
  1623.800,    -9.379361,    -0.003449
  1623.850,    -7.043149,    -0.002782
  1623.900,    -6.026503,    -0.001784
  1623.950,    -6.636162,    -0.000775
  1624.000,    -8.858696,    -0.000573
  1624.050,   -12.114561,    -0.000715
  1624.100,   -15.454917,     0.000125
  1624.150,   -17.984726,    -0.000246
  1624.200,   -18.749914,    -0.000849
  1624.250,   -16.869373,    -0.000379
  1624.300,   -12.294906,     0.000073
  1624.350,    -6.194633,    -0.000015
  1624.400,    -0.185242,    -0.000243
  1624.450,     4.552836,     0.000064
  1624.500,     7.406179,    -0.000404
  1624.550,     8.282822,    -0.000713
  1624.600,     7.542548,     0.000535
  1624.650,     5.623003,     0.000391
  1624.700,     2.846801,    -0.000134
  1624.750,    -0.233717,    -0.000074
  1624.800,    -2.617281,    -0.000160
  1624.850,    -3.564291,    -0.000724
  1624.900,    -3.085973,     0.000514
  1624.950,    -1.523031,     0.000632
  1625.000,     0.812861,     0.001889
  1625.050,     3.338479,     0.001148
  1625.100,     5.351757,     0.001167
  1625.150,     6.773386,     0.000774
  1625.200,     7.967167,     0.000152
  1625.250,     8.921534,    -0.000355
  1625.300,     9.163765,    -0.000465
  1625.350,     8.479454,    -0.001471
  1625.400,     7.076274,    -0.001372
  1625.450,     5.358817,    -0.001522
  1625.500,     3.808010,    -0.000704
  1625.550,     2.660906,    -0.000781
  1625.600,     1.713090,    -0.000237
  1625.650,     0.719836,    -0.000515
  1625.700,    -0.250008,     0.000590
  1625.750,    -1.262248,     0.002142
  1625.800,    -2.834605,     0.002750
  1625.850,    -5.297048,     0.002151
  1625.900,    -8.280151,     0.002283
  1625.950,   -11.101685,     0.003265
  1626.000,   -13.398647,     0.002126
  1626.050,   -15.130453,     0.000994
  1626.100,   -16.244584,     0.001204
  1626.150,   -16.327783,     0.002566
  1626.200,   -14.737719,     0.001219
  1626.250,   -11.184799,     0.000004
  1626.300,    -6.220219,    -0.000944
  1626.350,    -1.017056,    -0.000573
  1626.400,     3.211775,    -0.000598
  1626.450,     5.674709,    -0.000515
  1626.500,     6.302068,    -0.000369
  1626.550,     5.583815,     0.000337
  1626.600,     4.124705,     0.001072
  1626.650,     2.419446,     0.001079
  1626.700,     0.858529,     0.000578
  1626.750,    -0.213306,     0.001107
  1626.800,    -0.495514,     0.001372
  1626.850,     0.061531,     0.002142
  1626.900,     1.008920,     0.001312
  1626.950,     1.630830,     0.002098
  1627.000,     1.562662,     0.001097
  1627.050,     0.970887,     0.001392
  1627.100,     0.110913,     0.001771
  1627.150,    -0.846877,     0.000379
  1627.200,    -1.754152,     0.000049
  1627.250,    -2.448736,    -0.000711
  1627.300,    -2.838507,    -0.000333
  1627.350,    -2.957013,     0.000456
  1627.400,    -2.933957,     0.000104
  1627.450,    -2.920382,    -0.000433
  1627.500,    -2.852561,     0.000413
  1627.550,    -2.600032,    -0.000311
  1627.600,    -2.187773,    -0.000103
  1627.650,    -1.764969,     0.000593
  1627.700,    -1.401236,     0.000923
  1627.750,    -1.215570,     0.002101
  1627.800,    -1.449633,     0.001435
  1627.850,    -2.106598,     0.001651
  1627.900,    -2.751518,     0.000903
  1627.950,    -2.796820,     0.000831
  1628.000,    -2.031480,     0.000960
  1628.050,    -0.882275,     0.001173
  1628.100,    -0.128846,     0.001040
  1628.150,    -0.214289,     0.000273
  1628.200,    -0.949031,    -0.000465
  1628.250,    -1.781039,     0.000329
  1628.300,    -2.376100,    -0.000397
  1628.350,    -2.702800,     0.000433
  1628.400,    -2.840077,     0.000593
  1628.450,    -2.763735,    -0.000350
  1628.500,    -2.399690,    -0.000652
  1628.550,    -1.720091,    -0.000392
  1628.600,    -0.784770,    -0.001275
  1628.650,     0.242919,    -0.000908
  1628.700,     1.185112,     0.000681
  1628.750,     1.876598,     0.001315
  1628.800,     2.068730,    -0.000043
  1628.850,     1.558581,     0.000152
  1628.900,     0.470682,     0.001313
  1628.950,    -0.615022,     0.000668
  1629.000,    -1.020267,     0.001522
  1629.050,    -0.601923,     0.000867
  1629.100,     0.140687,     0.001508
  1629.150,     0.549985,     0.000386
  1629.200,     0.436398,     0.000905
  1629.250,     0.177946,     0.001344
  1629.300,     0.124411,     0.000459
  1629.350,     0.183526,     0.000015
  1629.400,     0.084552,    -0.000564
  1629.450,    -0.235555,    -0.001256
  1629.500,    -0.472164,    -0.001705
  1629.550,    -0.354186,    -0.001579
  1629.600,     0.071179,     0.000108
  1629.650,     0.468101,    -0.000953
  1629.700,     0.657267,    -0.000906
  1629.750,     0.847541,    -0.000698
  1629.800,     1.392747,     0.000192
  1629.850,     2.372329,    -0.000889
  1629.900,     3.445137,    -0.000180
  1629.950,     4.042671,    -0.000301
  1630.000,     3.804610,     0.000368
  1630.050,     2.754825,     0.000236
  1630.100,     1.288813,     0.000163
  1630.150,    -0.089822,     0.000619
  1630.200,    -0.992789,    -0.000197
  1630.250,    -1.291960,     0.000570
  1630.300,    -1.107280,     0.001139
  1630.350,    -0.603740,     0.000238
  1630.400,     0.024357,     0.000249
  1630.450,     0.541087,     0.000312
  1630.500,     0.857185,     0.000310
  1630.550,     1.094932,     0.000963
  1630.600,     1.388553,     0.000736
  1630.650,     1.621378,    -0.000358
  1630.700,     1.390165,    -0.000731
  1630.750,     0.461505,    -0.000282
  1630.800,    -0.943863,    -0.000634
  1630.850,    -2.160846,    -0.000567
  1630.900,    -2.569867,    -0.000526
  1630.950,    -2.062169,     0.000648
  1631.000,    -1.064730,     0.000406
  1631.050,    -0.144738,     0.000920
  1631.100,     0.425684,    -0.000432
  1631.150,     0.626115,    -0.000328
  1631.200,     0.530323,     0.000639
  1631.250,     0.215844,    -0.000050
  1631.300,    -0.161848,     0.000526
  1631.350,    -0.365580,     0.001172
  1631.400,    -0.252951,     0.000677
  1631.450,     0.158255,     0.001039
  1631.500,     0.760958,     0.001695
  1631.550,     1.560371,     0.001353
  1631.600,     2.551173,    -0.000297
  1631.650,     3.620577,    -0.001550
  1631.700,     4.540534,    -0.002018
  1631.750,     4.974918,    -0.000913
  1631.800,     4.695483,    -0.000933
  1631.850,     3.794747,    -0.000830
  1631.900,     2.677672,    -0.000309
  1631.950,     1.736580,    -0.001274
  1632.000,     1.089163,    -0.001318
  1632.050,     0.625553,    -0.000360
  1632.100,     0.193817,    -0.000230
  1632.150,    -0.237359,     0.000269
  1632.200,    -0.637493,     0.001546
  1632.250,    -1.003890,     0.001635
  1632.300,    -1.289781,     0.000762
  1632.350,    -1.357168,     0.000647
  1632.400,    -1.134747,     0.001221
  1632.450,    -0.756370,     0.000885
  1632.500,    -0.468784,     0.000288
  1632.550,    -0.346527,     0.001141
  1632.600,    -0.282298,     0.001077
  1632.650,    -0.077987,     0.001503
  1632.700,     0.384101,     0.000855
  1632.750,     1.112763,     0.000592
  1632.800,     1.975215,     0.000904
  1632.850,     2.697679,     0.001093
  1632.900,     2.966526,    -0.000234
  1632.950,     2.604577,     0.000285
  1633.000,     1.710242,    -0.000237
  1633.050,     0.608502,    -0.000335
  1633.100,    -0.352067,     0.000244
  1633.150,    -0.888550,    -0.001144
  1633.200,    -0.906654,    -0.001034
  1633.250,    -0.460909,     0.000488
  1633.300,     0.277649,    -0.001484
  1633.350,     1.103906,    -0.000424
  1633.400,     1.872148,    -0.000832
  1633.450,     2.586380,    -0.000271
  1633.500,     3.347422,     0.001096
  1633.550,     4.174265,    -0.000095
  1633.600,     4.946031,    -0.001246
  1633.650,     5.522078,     0.000003
  1633.700,     5.948242,     0.001902
  1633.750,     6.353280,     0.001299
  1633.800,     6.810176,    -0.000152
  1633.850,     7.310228,    -0.000295
  1633.900,     7.820538,     0.000339
  1633.950,     8.350913,    -0.000773
  1634.000,     8.993991,    -0.001123
  1634.050,     9.888867,    -0.001541
  1634.100,    11.001688,    -0.001633
  1634.150,    12.106215,    -0.000975
  1634.200,    12.803703,    -0.001647
  1634.250,    12.834232,     0.000027
  1634.300,    12.136944,    -0.000231
  1634.350,    10.542166,    -0.000351
  1634.400,     7.462212,     0.001070
  1634.450,     1.928452,     0.002543
  1634.500,    -7.070371,     0.003793
  1634.550,   -20.381805,     0.003364
  1634.600,   -38.279037,     0.004500
  1634.650,   -59.827533,     0.005850
  1634.700,   -82.270741,     0.004611
  1634.750,  -101.077782,     0.003997
  1634.800,  -110.912285,     0.002438
  1634.850,  -107.391747,     0.002674
  1634.900,   -89.030079,     0.003142
  1634.950,   -58.141596,     0.001427
  1635.000,   -20.246515,     0.001840
  1635.050,    17.890882,     0.001661
  1635.100,    50.631256,     0.000847
  1635.150,    74.890924,     0.000438
  1635.200,    89.787170,    -0.000845
  1635.250,    95.377006,    -0.000609
  1635.300,    91.913020,    -0.002039
  1635.350,    80.328901,    -0.002771
  1635.400,    63.119439,    -0.003002
  1635.450,    44.151221,    -0.003133
  1635.500,    26.878832,    -0.003318
  1635.550,    12.758609,    -0.004171
  1635.600,     1.551177,    -0.004069
  1635.650,    -7.173678,    -0.002598
  1635.700,   -13.070397,    -0.001701
  1635.750,   -15.697994,    -0.001403
  1635.800,   -15.433873,    -0.001050
  1635.850,   -13.426210,    -0.000445
  1635.900,   -10.862789,     0.001043
  1635.950,    -8.506832,     0.001508
  1636.000,    -6.741630,     0.001657
  1636.050,    -5.686094,     0.001882
  1636.100,    -5.208008,     0.001537
  1636.150,    -4.999971,     0.001292
  1636.200,    -4.814149,     0.001610
  1636.250,    -4.428584,     0.000847
  1636.300,    -3.528351,     0.000594
  1636.350,    -1.818394,     0.001784
  1636.400,     0.558546,    -0.000222
  1636.450,     3.000461,    -0.001845
  1636.500,     4.886391,    -0.000951
  1636.550,     5.918888,    -0.001045
  1636.600,     6.126503,    -0.000778
  1636.650,     5.673500,    -0.000852
  1636.700,     4.634926,    -0.000111
  1636.750,     3.015118,    -0.000482
  1636.800,     0.952120,    -0.001782
  1636.850,    -1.027762,     0.000113
  1636.900,    -2.257475,     0.000151
  1636.950,    -2.401140,     0.000133
  1637.000,    -1.551464,     0.000264
  1637.050,     0.019754,     0.000720
  1637.100,     2.027782,     0.000400
  1637.150,     4.133703,    -0.000095
  1637.200,     5.976394,     0.000695
  1637.250,     7.173550,     0.001046
  1637.300,     7.405247,     0.000638
  1637.350,     6.577467,    -0.000964
  1637.400,     5.003668,    -0.001169
  1637.450,     3.200181,     0.000216
  1637.500,     1.479844,     0.000746
  1637.550,    -0.107160,     0.000192
  1637.600,    -1.411884,     0.001094
  1637.650,    -2.207728,     0.001025
  1637.700,    -2.425558,     0.001166
  1637.750,    -2.253427,     0.000913
  1637.800,    -2.006581,     0.002064
  1637.850,    -2.037790,     0.001274
  1637.900,    -2.578361,     0.000725
  1637.950,    -3.464930,    -0.000649
  1638.000,    -4.265886,    -0.001352
  1638.050,    -4.574020,    -0.000818
  1638.100,    -4.171748,    -0.000803
  1638.150,    -3.018361,    -0.000266
  1638.200,    -1.249418,    -0.000501
  1638.250,     0.882647,     0.000452
  1638.300,     2.996311,    -0.000174
  1638.350,     4.610890,     0.000440
  1638.400,     5.302776,     0.002046
  1638.450,     4.963779,     0.002206
  1638.500,     3.798953,     0.002150
  1638.550,     2.150507,     0.001918
  1638.600,     0.251069,     0.001608
  1638.650,    -1.733420,     0.000903
  1638.700,    -3.469983,    -0.000432
  1638.750,    -4.384861,    -0.000108
  1638.800,    -3.873373,    -0.001818
  1638.850,    -1.788446,    -0.001377
  1638.900,     1.353579,    -0.000889
  1638.950,     4.548733,    -0.001390
  1639.000,     6.761430,    -0.001707
  1639.050,     7.396830,    -0.001684
  1639.100,     6.530403,    -0.001435
  1639.150,     4.629926,     0.000045
  1639.200,     2.212854,     0.000301
  1639.250,    -0.276317,     0.000681
  1639.300,    -2.367061,     0.001400
  1639.350,    -3.769028,     0.001756
  1639.400,    -4.446312,     0.002312
  1639.450,    -4.593656,     0.002517
  1639.500,    -4.422074,     0.000952
  1639.550,    -3.981507,    -0.000325
  1639.600,    -3.180040,    -0.000792
  1639.650,    -2.067114,     0.001169
  1639.700,    -0.918384,     0.000643
  1639.750,     0.039174,     0.000165
  1639.800,     0.761858,     0.000476
  1639.850,     1.293392,    -0.000700
  1639.900,     1.653630,     0.000622
  1639.950,     1.840075,     0.000634
  1640.000,     1.936021,     0.000379
  1640.050,     2.028308,    -0.000409
  1640.100,     2.119350,    -0.000027
  1640.150,     2.044284,     0.000255
  1640.200,     1.583333,    -0.001014
  1640.250,     0.676608,     0.000568
  1640.300,    -0.562545,     0.000948
  1640.350,    -1.936402,    -0.000749
  1640.400,    -3.262560,    -0.000808
  1640.450,    -4.274692,     0.000045
  1640.500,    -4.645274,     0.000082
  1640.550,    -4.121403,    -0.000112
  1640.600,    -2.737380,    -0.000319
  1640.650,    -0.814039,     0.001328
  1640.700,     1.238873,     0.001069
  1640.750,     3.091827,     0.001172
  1640.800,     4.536824,     0.002875
  1640.850,     5.318612,     0.002079
  1640.900,     5.149357,     0.002495
  1640.950,     3.952037,     0.002119
  1641.000,     2.079910,     0.000882
  1641.050,     0.152099,    -0.000163
  1641.100,    -1.305514,    -0.000893
  1641.150,    -2.064911,    -0.000204
  1641.200,    -2.206969,     0.000348
  1641.250,    -1.885944,    -0.001783
  1641.300,    -1.260279,    -0.001009
  1641.350,    -0.518186,    -0.000276
  1641.400,     0.096547,    -0.001087
  1641.450,     0.365485,    -0.000938
  1641.500,     0.319944,     0.001152
  1641.550,     0.231168,     0.001502
  1641.600,     0.364219,     0.000990
  1641.650,     0.731049,     0.000945
  1641.700,     1.147336,     0.000723
  1641.750,     1.456899,     0.001262
  1641.800,     1.774766,     0.001590
  1641.850,     2.318239,     0.001718
  1641.900,     3.078254,     0.000389
  1641.950,     3.655904,     0.000087
  1642.000,     3.465431,     0.000584
  1642.050,     2.291835,     0.000339
  1642.100,     0.466095,     0.000691
  1642.150,    -1.382978,    -0.000693
  1642.200,    -2.811299,    -0.000467
  1642.250,    -3.711974,    -0.000594
  1642.300,    -3.998920,    -0.000065
  1642.350,    -3.438190,    -0.000222
  1642.400,    -1.817274,     0.000776
  1642.450,     0.689724,     0.000280
  1642.500,     3.421315,     0.000414
  1642.550,     5.532541,     0.000549
  1642.600,     6.461876,     0.000852
  1642.650,     6.164231,    -0.000632
  1642.700,     4.942681,    -0.000338
  1642.750,     3.132351,    -0.000196
  1642.800,     0.963425,    -0.000545
  1642.850,    -1.281064,     0.000482
  1642.900,    -3.076403,    -0.000035
  1642.950,    -3.911991,    -0.000937
  1643.000,    -3.644371,     0.000046
  1643.050,    -2.547690,    -0.000374
  1643.100,    -1.100521,     0.000331
  1643.150,     0.291908,     0.000332
  1643.200,     1.354701,     0.001192
  1643.250,     1.897677,     0.000454
  1643.300,     1.789270,     0.001259
  1643.350,     1.131002,     0.000761
  1643.400,     0.312696,     0.001023
  1643.450,    -0.132915,    -0.000345
  1643.500,     0.084756,    -0.000569
  1643.550,     0.747314,     0.000181
  1643.600,     1.428054,    -0.000474
  1643.650,     1.872688,    -0.000837
  1643.700,     2.044791,    -0.000849
  1643.750,     2.054063,    -0.001099
  1643.800,     1.973723,    -0.000509
  1643.850,     1.809362,    -0.000576
  1643.900,     1.496241,     0.000205
  1643.950,     1.005042,    -0.001628
  1644.000,     0.426687,     0.001269
  1644.050,    -0.047344,     0.001993
  1644.100,    -0.192155,     0.000876
  1644.150,     0.088292,     0.000769
  1644.200,     0.717159,     0.000629
  1644.250,     1.508325,     0.000891
  1644.300,     2.190390,     0.000161
  1644.350,     2.496099,     0.000485
  1644.400,     2.214585,     0.000900
  1644.450,     1.367436,     0.000573
  1644.500,     0.224957,    -0.000062
  1644.550,    -0.784378,     0.000751
  1644.600,    -1.335114,     0.000565
  1644.650,    -1.426437,    -0.000827
  1644.700,    -1.264267,    -0.001187
  1644.750,    -0.969728,    -0.001419
  1644.800,    -0.471204,     0.000269
  1644.850,     0.303660,    -0.000270
  1644.900,     1.176669,    -0.000073
  1644.950,     1.793306,     0.000338
  1645.000,     1.859090,    -0.000458
  1645.050,     1.346192,    -0.000395
  1645.100,     0.511800,     0.001115
  1645.150,    -0.304770,     0.000688
  1645.200,    -0.790310,     0.000526
  1645.250,    -0.790112,    -0.000243
  1645.300,    -0.307666,    -0.000066
  1645.350,     0.470085,     0.001373
  1645.400,     1.268463,     0.000592
  1645.450,     1.883057,     0.000117
  1645.500,     2.202061,     0.000194
  1645.550,     2.225080,     0.000311
  1645.600,     2.036528,     0.001085
  1645.650,     1.731699,     0.000413
  1645.700,     1.364984,     0.000722
  1645.750,     0.975244,     0.001005
  1645.800,     0.705304,    -0.000157
  1645.850,     0.752647,    -0.000328
  1645.900,     1.227163,    -0.000069
  1645.950,     2.014067,     0.000487
  1646.000,     2.913086,     0.000715
  1646.050,     3.776757,    -0.002019
  1646.100,     4.531025,    -0.002043
  1646.150,     5.029853,    -0.000784
  1646.200,     5.041173,    -0.000330
  1646.250,     4.363289,     0.000058
  1646.300,     3.030717,    -0.000845
  1646.350,     1.333294,    -0.000646
  1646.400,    -0.363328,     0.000938
  1646.450,    -1.770755,     0.001535
  1646.500,    -2.807654,     0.001378
  1646.550,    -3.683505,     0.001518
  1646.600,    -4.939876,     0.002396
  1646.650,    -7.221799,     0.002805
  1646.700,   -10.859786,     0.003173
  1646.750,   -15.462452,     0.002057
  1646.800,   -19.869860,     0.001685
  1646.850,   -22.612337,     0.002066
  1646.900,   -22.460840,     0.000302
  1646.950,   -18.894626,    -0.001970
  1647.000,   -12.271255,    -0.001374
  1647.050,    -3.712288,    -0.000538
  1647.100,     5.247287,    -0.000562
  1647.150,    13.157014,    -0.001668
  1647.200,    19.128817,    -0.000930
  1647.250,    22.765132,     0.000195
  1647.300,    23.896186,    -0.001297
  1647.350,    22.476706,     0.000187
  1647.400,    18.736494,     0.000540
  1647.450,    13.392787,     0.001492
  1647.500,     7.615646,     0.000038
  1647.550,     2.643012,     0.000821
  1647.600,    -0.820338,    -0.000189
  1647.650,    -2.838554,    -0.000627
  1647.700,    -3.942207,    -0.000193
  1647.750,    -4.507004,     0.000157
  1647.800,    -4.539599,     0.000041
  1647.850,    -3.982557,     0.000067
  1647.900,    -3.084381,     0.000508
  1647.950,    -2.298894,     0.001470
  1648.000,    -1.997699,     0.000715
  1648.050,    -2.174392,     0.001467
  1648.100,    -2.466253,     0.000698
  1648.150,    -2.366255,     0.000669
  1648.200,    -1.620455,     0.000716
  1648.250,    -0.443992,    -0.000132
  1648.300,     0.669843,    -0.000073
  1648.350,     1.391274,    -0.000498
  1648.400,     1.776131,    -0.001611
  1648.450,     1.996600,    -0.001487
  1648.500,     2.084626,    -0.001500
  1648.550,     1.918024,     0.000274
  1648.600,     1.390086,    -0.000514
  1648.650,     0.570070,    -0.001077
  1648.700,    -0.308055,    -0.000302
  1648.750,    -0.957195,     0.002104
  1648.800,    -1.285298,     0.001789
  1648.850,    -1.339493,     0.001598
  1648.900,    -1.141346,     0.000936
  1648.950,    -0.612283,     0.001411
  1649.000,     0.244433,     0.000666
  1649.050,     1.224615,     0.001080
  1649.100,     2.089758,     0.001356
  1649.150,     2.707932,     0.000357
  1649.200,     3.086666,    -0.000692
  1649.250,     3.218599,    -0.001055
  1649.300,     3.103662,    -0.001219
  1649.350,     2.744982,    -0.001809
  1649.400,     2.227687,    -0.001715
  1649.450,     1.760392,    -0.001331
  1649.500,     1.519998,    -0.001017
  1649.550,     1.487517,    -0.000099
  1649.600,     1.369455,     0.001184
  1649.650,     0.952330,     0.001119
  1649.700,     0.250096,     0.001552
  1649.750,    -0.541373,     0.002035
  1649.800,    -1.182098,     0.001182
  1649.850,    -1.503781,     0.001789
  1649.900,    -1.454742,     0.001446
  1649.950,    -1.126672,     0.001273
  1650.000,    -0.653626,     0.001031
  1650.050,    -0.073408,     0.000424
  1650.100,     0.629332,    -0.000643
  1650.150,     1.387413,     0.001066
  1650.200,     2.084665,     0.000079
  1650.250,     2.595559,     0.000009
  1650.300,     2.880932,    -0.000205
  1650.350,     2.952987,     0.000461
  1650.400,     2.745114,     0.000428
  1650.450,     2.166217,    -0.000831
  1650.500,     1.230428,     0.000947
  1650.550,     0.160681,     0.000296
  1650.600,    -0.753640,    -0.000608
  1650.650,    -1.318590,     0.000735
  1650.700,    -1.580556,     0.000660
  1650.750,    -1.587119,    -0.000208
  1650.800,    -1.228958,    -0.000639
  1650.850,    -0.352914,    -0.001004
  1650.900,     1.009545,    -0.000581
  1650.950,     2.570821,     0.000921
  1651.000,     3.968605,     0.001310
  1651.050,     4.881903,     0.000838
  1651.100,     5.114272,     0.000800
  1651.150,     4.635550,     0.001459
  1651.200,     3.521226,     0.000809
  1651.250,     1.938399,     0.001202
  1651.300,     0.153501,     0.001723
  1651.350,    -1.405718,     0.000970
  1651.400,    -2.384608,    -0.000335
  1651.450,    -2.729949,    -0.000071
  1651.500,    -2.636527,     0.000114
  1651.550,    -2.371599,    -0.000126
  1651.600,    -2.023851,    -0.001321
  1651.650,    -1.515162,    -0.002347
  1651.700,    -0.721544,    -0.002350
  1651.750,     0.336408,    -0.000975
  1651.800,     1.493482,     0.000389
  1651.850,     2.532273,     0.000519
  1651.900,     3.236707,     0.001345
  1651.950,     3.410000,     0.001748
  1652.000,     2.942695,     0.002127
  1652.050,     1.942486,     0.001979
  1652.100,     0.749972,     0.002025
  1652.150,    -0.290772,     0.000551
  1652.200,    -1.023747,     0.001101
  1652.250,    -1.567441,     0.001557
  1652.300,    -2.062233,    -0.000228
  1652.350,    -2.576814,    -0.000603
  1652.400,    -3.063183,    -0.001149
  1652.450,    -3.401767,    -0.001064
  1652.500,    -3.449396,    -0.002090
  1652.550,    -3.027299,    -0.000627
  1652.600,    -2.083748,     0.000214
  1652.650,    -0.761532,     0.000260
  1652.700,     0.624335,     0.000926
  1652.750,     1.711019,     0.000339
  1652.800,     2.303541,    -0.000845
  1652.850,     2.416642,     0.000559
  1652.900,     2.151732,     0.000145
  1652.950,     1.584811,     0.001413
  1653.000,     0.798195,     0.000747
  1653.050,    -0.134397,     0.000906
  1653.100,    -1.010983,     0.001478
  1653.150,    -1.601687,     0.001262
  1653.200,    -1.775488,    -0.000418
  1653.250,    -1.563179,    -0.000462
  1653.300,    -1.163712,     0.001135
  1653.350,    -0.847866,     0.001650
  1653.400,    -0.751417,     0.000541
  1653.450,    -0.766554,    -0.000465
  1653.500,    -0.677529,     0.000462
  1653.550,    -0.348023,    -0.000515
  1653.600,     0.185009,    -0.000440
  1653.650,     0.739665,     0.000033
  1653.700,     1.138826,     0.000692
  1653.750,     1.253238,    -0.000185
  1653.800,     1.087477,    -0.001329
  1653.850,     0.817063,    -0.001564
  1653.900,     0.672205,    -0.001531
  1653.950,     0.712402,    -0.001711
  1654.000,     0.758301,     0.001154
  1654.050,     0.560913,     0.000672
  1654.100,     0.057874,     0.000538
  1654.150,    -0.565774,     0.001025
  1654.200,    -1.030204,     0.001650
  1654.250,    -1.195835,     0.001852
  1654.300,    -1.048674,     0.003060
  1654.350,    -0.560917,     0.000657
  1654.400,     0.413624,    -0.000132
  1654.450,     1.914928,     0.001331
  1654.500,     3.769596,     0.000414
  1654.550,     5.513500,    -0.001663
  1654.600,     6.611080,    -0.002306
  1654.650,     6.768195,    -0.002778
  1654.700,     6.059786,    -0.002780
  1654.750,     4.823784,    -0.000341
  1654.800,     3.396389,    -0.000674
  1654.850,     1.996315,    -0.001545
  1654.900,     0.759210,    -0.000613
  1654.950,    -0.158685,    -0.000080
  1655.000,    -0.598745,     0.001457
  1655.050,    -0.509655,     0.001704
  1655.100,     0.017370,     0.001304
  1655.150,     0.810697,     0.002300
  1655.200,     1.730470,     0.001698
  1655.250,     2.597489,     0.001182
  1655.300,     3.150330,     0.000993
  1655.350,     3.220397,     0.000561
  1655.400,     2.848393,     0.000039
  1655.450,     2.250140,     0.000111
  1655.500,     1.632149,    -0.001139
  1655.550,     1.022324,    -0.001342
  1655.600,     0.331814,    -0.000976
  1655.650,    -0.460993,    -0.001102
  1655.700,    -1.236927,     0.000749
  1655.750,    -1.792617,     0.000278
  1655.800,    -1.992300,     0.000616
  1655.850,    -1.814392,    -0.000138
  1655.900,    -1.392237,    -0.000000
  1655.950,    -0.941265,    -0.000163
  1656.000,    -0.626580,     0.000320
  1656.050,    -0.498971,     0.000531
  1656.100,    -0.472144,     0.000086
  1656.150,    -0.460238,     0.000824
  1656.200,    -0.418901,     0.000172
  1656.250,    -0.307419,     0.000768
  1656.300,    -0.029122,     0.001134
  1656.350,     0.470252,     0.000330
  1656.400,     1.072478,     0.000482
  1656.450,     1.509353,     0.000892
  1656.500,     1.511197,     0.002268
  1656.550,     1.061033,     0.000710
  1656.600,     0.392784,    -0.000046
  1656.650,    -0.172003,    -0.000542
  1656.700,    -0.466714,    -0.000379
  1656.750,    -0.491957,    -0.000120
  1656.800,    -0.261384,     0.000688
  1656.850,     0.247359,    -0.001353
  1656.900,     0.965254,    -0.002791
  1656.950,     1.705216,    -0.002161
  1657.000,     2.192558,    -0.001137
  1657.050,     2.269417,    -0.000562
  1657.100,     2.022911,     0.000045
  1657.150,     1.656272,     0.000285
  1657.200,     1.289375,     0.001194
  1657.250,     0.899304,     0.001953
  1657.300,     0.469724,     0.002210
  1657.350,     0.133608,     0.001790
  1657.400,     0.024407,     0.002317
  1657.450,     0.146139,     0.001714
  1657.500,     0.284679,     0.000747
  1657.550,     0.197008,     0.000200
  1657.600,    -0.154357,     0.000035
  1657.650,    -0.634144,    -0.001666
  1657.700,    -1.093206,    -0.002551
  1657.750,    -1.490145,    -0.002194
  1657.800,    -1.860743,    -0.001710
  1657.850,    -2.166545,    -0.002181
  1657.900,    -2.278231,    -0.000296
  1657.950,    -2.012108,    -0.000424
  1658.000,    -1.267359,     0.000094
  1658.050,    -0.186478,     0.001249
  1658.100,     0.965315,     0.002819
  1658.150,     1.925993,     0.003945
  1658.200,     2.563690,     0.002044
  1658.250,     2.830280,     0.002590
  1658.300,     2.665989,     0.000441
  1658.350,     2.044889,     0.001373
  1658.400,     1.007315,     0.001057
  1658.450,    -0.247590,     0.000944
  1658.500,    -1.371919,    -0.000608
  1658.550,    -2.065697,    -0.002248
  1658.600,    -2.240625,    -0.000681
  1658.650,    -2.024529,    -0.000416
  1658.700,    -1.679887,    -0.002067
  1658.750,    -1.537803,    -0.002009
  1658.800,    -1.819995,    -0.000927
  1658.850,    -2.509254,    -0.001076
  1658.900,    -3.304994,     0.000429
  1658.950,    -3.722224,     0.000868
  1659.000,    -3.351000,     0.001236
  1659.050,    -2.158798,     0.001978
  1659.100,    -0.418585,     0.002887
  1659.150,     1.394591,     0.001403
  1659.200,     2.881273,    -0.000751
  1659.250,     3.921098,    -0.000876
  1659.300,     4.521929,     0.000917
  1659.350,     4.735413,     0.000898
  1659.400,     4.538348,    -0.000831
  1659.450,     3.861222,    -0.000358
  1659.500,     2.715711,     0.001851
  1659.550,     1.267266,    -0.000338
  1659.600,    -0.176587,    -0.001931
  1659.650,    -1.278309,    -0.000178
  1659.700,    -1.840004,     0.000359
  1659.750,    -1.926548,    -0.000862
  1659.800,    -1.724020,     0.000073
  1659.850,    -1.388931,     0.002444
  1659.900,    -0.930656,    -0.000280
  1659.950,    -0.304675,    -0.001327
  1660.000,     0.426881,     0.001090
  1660.050,     1.080337,     0.001059
  1660.100,     1.504580,     0.000326
  1660.150,     1.732372,    -0.001183
  1660.200,     1.910318,     0.000862
  1660.250,     2.158473,     0.001582
  1660.300,     2.437545,     0.001556
  1660.350,     2.660007,     0.000283
  1660.400,     2.875698,     0.001102
  1660.450,     3.243268,     0.000295
  1660.500,     3.812898,     0.000348
  1660.550,     4.380800,     0.002467
  1660.600,     4.652268,     0.000292
  1660.650,     4.491666,    -0.000351
  1660.700,     4.083462,     0.000240
  1660.750,     3.659751,    -0.001494
  1660.800,     3.330526,    -0.001166
  1660.850,     3.089505,    -0.000103
  1660.900,     2.952840,    -0.000407
  1660.950,     2.937215,    -0.002618
  1661.000,     3.070979,    -0.001529
  1661.050,     3.312931,     0.000086
  1661.100,     3.545957,     0.000630
  1661.150,     3.614996,    -0.000322
  1661.200,     3.404588,     0.000483
  1661.250,     2.882512,     0.000747
  1661.300,     2.110776,     0.000494
  1661.350,     1.224387,     0.000947
  1661.400,     0.351345,     0.001877
  1661.450,    -0.361157,     0.001739
  1661.500,    -0.787686,     0.001397
  1661.550,    -0.884756,     0.000121
  1661.600,    -0.682093,    -0.001386
  1661.650,    -0.331344,    -0.001620
  1661.700,    -0.064745,    -0.002107
  1661.750,    -0.053131,    -0.001181
  1661.800,    -0.326873,    -0.001721
  1661.850,    -0.773678,    -0.000619
  1661.900,    -1.288908,    -0.001003
  1661.950,    -1.802329,    -0.000263
  1662.000,    -2.261434,    -0.000002
  1662.050,    -2.594594,     0.000648
  1662.100,    -2.673253,     0.001732
  1662.150,    -2.414669,     0.003368
  1662.200,    -1.831494,     0.002752
  1662.250,    -1.054276,     0.003046
  1662.300,    -0.287504,     0.001376
  1662.350,     0.327674,     0.001087
  1662.400,     0.634871,     0.000552
  1662.450,     0.476290,     0.000310
  1662.500,    -0.268949,    -0.000389
  1662.550,    -1.517842,    -0.000498
  1662.600,    -2.913531,    -0.001190
  1662.650,    -3.985530,    -0.001148
  1662.700,    -4.415085,    -0.001081
  1662.750,    -4.159477,    -0.001403
  1662.800,    -3.413858,    -0.001609
  1662.850,    -2.463483,    -0.000740
  1662.900,    -1.565482,     0.000552
  1662.950,    -0.904812,     0.000855
  1663.000,    -0.541972,     0.000614
  1663.050,    -0.451665,     0.001990
  1663.100,    -0.483975,     0.002995
  1663.150,    -0.495954,     0.002937
  1663.200,    -0.473955,     0.002130
  1663.250,    -0.488048,     0.001829
  1663.300,    -0.634878,     0.001080
  1663.350,    -0.914825,    -0.000239
  1663.400,    -1.211289,    -0.000887
  1663.450,    -1.379692,    -0.000854
  1663.500,    -1.317890,    -0.001993
  1663.550,    -1.062490,    -0.001020
  1663.600,    -0.707559,    -0.000904
  1663.650,    -0.290730,    -0.000513
  1663.700,     0.269037,     0.000589
  1663.750,     1.050949,     0.000854
  1663.800,     1.997526,     0.001850
  1663.850,     2.901299,     0.001660
  1663.900,     3.567727,     0.001547
  1663.950,     3.986222,     0.002635
  1664.000,     4.240502,     0.000979
  1664.050,     4.316579,     0.001148
  1664.100,     4.057894,     0.000798
  1664.150,     3.305636,     0.000994
  1664.200,     2.138109,     0.000063
  1664.250,     0.870336,    -0.000435
  1664.300,    -0.200681,    -0.000769
  1664.350,    -0.896990,    -0.000515
  1664.400,    -1.175208,    -0.000572
  1664.450,    -1.051370,    -0.000266
  1664.500,    -0.587959,    -0.000955
  1664.550,     0.074580,    -0.001514
  1664.600,     0.744357,    -0.000497
  1664.650,     1.329681,     0.001799
  1664.700,     1.840115,     0.000794
  1664.750,     2.236149,     0.000037
  1664.800,     2.387180,     0.001384
  1664.850,     2.197909,     0.001186
  1664.900,     1.723880,     0.000728
  1664.950,     1.212736,     0.001035
  1665.000,     0.875574,     0.001268
  1665.050,     0.752856,    -0.000579
  1665.100,     0.723787,    -0.000599
  1665.150,     0.661228,    -0.000544
  1665.200,     0.566466,    -0.000491
  1665.250,     0.539135,    -0.001281
  1665.300,     0.641412,    -0.000277
  1665.350,     0.840779,    -0.001014
  1665.400,     1.052343,    -0.001115
  1665.450,     1.218473,     0.000822
  1665.500,     1.325894,    -0.000048
  1665.550,     1.417101,    -0.001090
  1665.600,     1.577824,     0.001158
  1665.650,     1.888509,     0.001434
  1665.700,     2.347697,     0.001516
  1665.750,     2.871089,     0.002923
  1665.800,     3.239277,     0.001921
  1665.850,     3.261553,     0.000587
  1665.900,     2.880388,     0.000432
  1665.950,     2.184195,    -0.000031
  1666.000,     1.345038,    -0.000759
  1666.050,     0.454707,    -0.001042
  1666.100,    -0.433232,     0.000162
  1666.150,    -1.195755,    -0.001184
  1666.200,    -1.626428,    -0.000977
  1666.250,    -1.549067,    -0.000928
  1666.300,    -0.979412,     0.000027
  1666.350,    -0.060712,     0.000128
  1666.400,     1.031118,    -0.000040
  1666.450,     2.184885,     0.001302
  1666.500,     3.295059,     0.001008
  1666.550,     4.196308,     0.000006
  1666.600,     4.671165,     0.000184
  1666.650,     4.556046,     0.000448
  1666.700,     3.866511,     0.000503
  1666.750,     2.792969,    -0.000255
  1666.800,     1.601499,    -0.000532
  1666.850,     0.520977,    -0.000227
  1666.900,    -0.293224,    -0.001318
  1666.950,    -0.752997,    -0.001490
  1667.000,    -0.860140,     0.000643
  1667.050,    -0.655706,     0.000847
  1667.100,    -0.206263,    -0.000220
  1667.150,     0.408161,    -0.000053
  1667.200,     1.116770,    -0.000161
  1667.250,     1.874048,    -0.000243
  1667.300,     2.660453,    -0.000321
  1667.350,     3.455368,    -0.000876
  1667.400,     4.100388,     0.000788
  1667.450,     4.385765,     0.000376
  1667.500,     4.219724,     0.000267
  1667.550,     3.672921,     0.000405
  1667.600,     2.888703,    -0.000240
  1667.650,     2.003281,     0.000257
  1667.700,     1.055629,     0.000473
  1667.750,     0.071553,     0.000048
  1667.800,    -0.865938,     0.000303
  1667.850,    -1.602326,    -0.000103
  1667.900,    -2.016856,     0.000383
  1667.950,    -1.992901,     0.000340
  1668.000,    -1.469091,    -0.000398
  1668.050,    -0.464448,    -0.000301
  1668.100,     0.861143,     0.000092
  1668.150,     2.172085,     0.000160
  1668.200,     3.137879,     0.000159
  1668.250,     3.552433,    -0.000028
  1668.300,     3.395707,     0.000248
  1668.350,     2.805738,     0.001040
  1668.400,     1.997809,     0.001230
  1668.450,     1.190509,     0.000462
  1668.500,     0.487451,    -0.000856
  1668.550,    -0.139753,     0.000394
  1668.600,    -0.694854,     0.000236
  1668.650,    -1.071732,     0.000536
  1668.700,    -1.141643,     0.001330
  1668.750,    -0.866000,     0.000698
  1668.800,    -0.309820,    -0.000461
  1668.850,     0.337118,    -0.000258
  1668.900,     0.915516,    -0.000262
  1668.950,     1.408888,    -0.000664
  1669.000,     1.844978,    -0.000787
  1669.050,     2.249061,     0.000160
  1669.100,     2.599850,    -0.000551
  1669.150,     2.855523,    -0.000281
  1669.200,     2.980586,    -0.000570
  1669.250,     2.936286,    -0.000508
  1669.300,     2.718589,    -0.000419
  1669.350,     2.374364,     0.000340
  1669.400,     1.967791,     0.001163
  1669.450,     1.543006,     0.001390
  1669.500,     1.098590,     0.001414
  1669.550,     0.597253,     0.000007
  1669.600,    -0.013657,     0.000137
  1669.650,    -0.696141,    -0.000196
  1669.700,    -1.211382,    -0.001042
  1669.750,    -1.328528,    -0.000388
  1669.800,    -0.968542,     0.000685
  1669.850,    -0.256279,     0.001054
  1669.900,     0.560957,     0.000717
  1669.950,     1.335268,    -0.000626
  1670.000,     2.012286,    -0.000775
  1670.050,     2.555967,    -0.000412
  1670.100,     2.870394,     0.000093
  1670.150,     2.882318,    -0.000394
  1670.200,     2.638351,     0.000085
  1670.250,     2.276418,     0.000519
  1670.300,     1.900991,    -0.000696
  1670.350,     1.534963,    -0.000564
  1670.400,     1.127614,     0.001355
  1670.450,     0.687782,    -0.000012
  1670.500,     0.271873,    -0.000550
  1670.550,    -0.038291,     0.001908
  1670.600,    -0.180350,     0.000957
  1670.650,    -0.106781,     0.000070
  1670.700,     0.225651,    -0.000380
  1670.750,     0.749565,    -0.000672
  1670.800,     1.291190,     0.000214
  1670.850,     1.631744,     0.000028
  1670.900,     1.618049,    -0.001080
  1670.950,     1.278599,    -0.001543
  1671.000,     0.767937,    -0.000515
  1671.050,     0.286056,    -0.000423
  1671.100,    -0.067929,     0.000435
  1671.150,    -0.313358,     0.000834
  1671.200,    -0.546021,    -0.000181
  1671.250,    -0.805619,    -0.000756
  1671.300,    -1.086243,    -0.000058
  1671.350,    -1.371316,     0.000651
  1671.400,    -1.604683,     0.001073
  1671.450,    -1.754161,     0.000884
  1671.500,    -1.780973,     0.001044
  1671.550,    -1.671232,     0.000252
  1671.600,    -1.463896,     0.000792
  1671.650,    -1.237229,     0.001009
  1671.700,    -1.060750,     0.001089
  1671.750,    -0.996464,     0.000707
  1671.800,    -1.044286,     0.000619
  1671.850,    -1.206554,     0.000304
  1671.900,    -1.447177,     0.000238
  1671.950,    -1.677184,     0.000859
  1672.000,    -1.762624,     0.001282
  1672.050,    -1.566375,     0.001145
  1672.100,    -1.057068,     0.001054
  1672.150,    -0.312654,    -0.000165
  1672.200,     0.504786,     0.000384
  1672.250,     1.211932,     0.000429
  1672.300,     1.686926,    -0.000698
  1672.350,     1.896515,    -0.000200
  1672.400,     1.925618,    -0.000228
  1672.450,     1.914548,    -0.000206
  1672.500,     1.975986,    -0.000126
  1672.550,     2.085994,     0.000369
  1672.600,     2.167408,     0.000516
  1672.650,     2.114151,    -0.000313
  1672.700,     1.906931,    -0.000038
  1672.750,     1.601403,     0.000677
  1672.800,     1.235430,     0.001206
  1672.850,     0.819669,    -0.000484
  1672.900,     0.319692,     0.000894
  1672.950,    -0.237637,     0.000660
  1673.000,    -0.744531,     0.001841
  1673.050,    -1.144611,    -0.000055
  1673.100,    -1.491538,    -0.000276
  1673.150,    -1.860461,    -0.000262
  1673.200,    -2.280425,    -0.000526
  1673.250,    -2.722391,     0.000108
  1673.300,    -3.052799,    -0.000056
  1673.350,    -3.171775,     0.000280
  1673.400,    -3.042855,     0.000616
  1673.450,    -2.750356,    -0.000407
  1673.500,    -2.370679,     0.001274
  1673.550,    -1.933442,     0.001058
  1673.600,    -1.437924,     0.001198
  1673.650,    -0.866216,     0.001556
  1673.700,    -0.243760,     0.001248
  1673.750,     0.378532,     0.001312
  1673.800,     0.901318,     0.001251
  1673.850,     1.252788,    -0.000287
  1673.900,     1.380425,    -0.000710
  1673.950,     1.262759,     0.000488
  1674.000,     0.921393,     0.000190
  1674.050,     0.446556,    -0.001485
  1674.100,    -0.075891,    -0.000976
  1674.150,    -0.590043,    -0.001108
  1674.200,    -1.074469,     0.000008
  1674.250,    -1.502753,    -0.000036
  1674.300,    -1.803021,     0.000791
  1674.350,    -1.878824,     0.000935
  1674.400,    -1.705977,     0.001147
  1674.450,    -1.378204,     0.002693
  1674.500,    -1.028033,     0.001925
  1674.550,    -0.805340,     0.001774
  1674.600,    -0.764953,     0.002218
  1674.650,    -0.856894,     0.001463
  1674.700,    -0.979663,     0.000400
  1674.750,    -1.029713,    -0.001345
  1674.800,    -0.962132,    -0.000151
  1674.850,    -0.785463,     0.000458
  1674.900,    -0.512804,    -0.000880
  1674.950,    -0.197976,    -0.001245
  1675.000,     0.088262,    -0.001397
  1675.050,     0.267448,    -0.000664
  1675.100,     0.301446,    -0.001734
  1675.150,     0.235219,    -0.000620
  1675.200,     0.151917,    -0.000485
  1675.250,     0.101803,     0.000710
  1675.300,     0.029857,     0.001173
  1675.350,    -0.165824,     0.001514
  1675.400,    -0.471994,     0.002470
  1675.450,    -0.785034,     0.001809
  1675.500,    -0.945199,     0.000003
  1675.550,    -0.846319,     0.000573
  1675.600,    -0.496514,     0.001034
  1675.650,     0.041368,    -0.001024
  1675.700,     0.672465,    -0.001878
  1675.750,     1.346161,    -0.001040
  1675.800,     2.004950,    -0.000822
  1675.850,     2.540114,    -0.002727
  1675.900,     2.827075,    -0.001264
  1675.950,     2.834348,    -0.002435
  1676.000,     2.700247,    -0.001342
  1676.050,     2.608570,    -0.000267
  1676.100,     2.635933,    -0.000190
  1676.150,     2.682038,     0.001169
  1676.200,     2.591740,     0.001057
  1676.250,     2.326671,     0.001603
  1676.300,     1.930229,     0.001627
  1676.350,     1.468132,     0.000637
  1676.400,     0.939995,     0.001601
  1676.450,     0.328685,     0.002396
  1676.500,    -0.287797,     0.000499
  1676.550,    -0.742288,     0.000518
  1676.600,    -0.972223,    -0.000969
  1676.650,    -0.981468,    -0.001564
  1676.700,    -0.838028,    -0.001415
  1676.750,    -0.580235,    -0.001336
  1676.800,    -0.259238,    -0.000776
  1676.850,     0.062171,    -0.001649
  1676.900,     0.280944,    -0.000851
  1676.950,     0.387823,    -0.000577
  1677.000,     0.458614,    -0.000632
  1677.050,     0.596718,    -0.000682
  1677.100,     0.854515,    -0.000081
  1677.150,     1.188309,     0.002403
  1677.200,     1.505928,     0.001506
  1677.250,     1.735020,     0.001005
  1677.300,     1.850482,     0.001075
  1677.350,     1.899920,     0.001304
  1677.400,     1.931471,     0.000754
  1677.450,     1.932684,     0.000999
  1677.500,     1.858402,    -0.000186
  1677.550,     1.645417,    -0.001193
  1677.600,     1.285335,    -0.000622
  1677.650,     0.878531,    -0.000859
  1677.700,     0.552674,    -0.001642
  1677.750,     0.412694,    -0.001152
  1677.800,     0.458071,    -0.000976
  1677.850,     0.610846,    -0.000368
  1677.900,     0.770330,    -0.000905
  1677.950,     0.857531,    -0.000430
  1678.000,     0.866453,    -0.000170
  1678.050,     0.848000,     0.000355
  1678.100,     0.885671,     0.000826
  1678.150,     1.009605,     0.000233
  1678.200,     1.206008,     0.002554
  1678.250,     1.425883,     0.001516
  1678.300,     1.621504,     0.001510
  1678.350,     1.776937,     0.000669
  1678.400,     1.907404,     0.002077
  1678.450,     2.016300,     0.001962
  1678.500,     2.115320,     0.001169
  1678.550,     2.187411,    -0.000300
  1678.600,     2.167168,    -0.000017
  1678.650,     2.002834,    -0.000155
  1678.700,     1.683613,    -0.001701
  1678.750,     1.272429,    -0.001087
  1678.800,     0.849782,    -0.001565
  1678.850,     0.472049,    -0.001280
  1678.900,     0.176299,    -0.001017
  1678.950,     0.007670,    -0.000409
  1679.000,     0.016985,    -0.001216
  1679.050,     0.234255,    -0.000657
  1679.100,     0.630604,     0.001129
  1679.150,     1.103444,     0.000973
  1679.200,     1.522917,     0.000609
  1679.250,     1.814230,     0.001718
  1679.300,     2.001230,     0.002738
  1679.350,     2.170697,     0.002913
  1679.400,     2.363785,     0.002948
  1679.450,     2.521530,     0.001835
  1679.500,     2.488485,     0.001204
  1679.550,     2.170406,     0.000441
  1679.600,     1.568560,     0.000374
  1679.650,     0.797126,    -0.001365
  1679.700,    -0.017244,    -0.000935
  1679.750,    -0.745834,     0.000271
  1679.800,    -1.267282,    -0.000918
  1679.850,    -1.468109,    -0.000266
  1679.900,    -1.292102,    -0.000869
  1679.950,    -0.797026,    -0.001272
  1680.000,    -0.110328,     0.000169
  1680.050,     0.636236,     0.001359
  1680.100,     1.352096,    -0.000046
  1680.150,     1.997024,     0.000135
  1680.200,     2.512117,     0.000581
  1680.250,     2.815410,     0.002186
  1680.300,     2.888501,     0.000643
  1680.350,     2.734778,     0.002190
  1680.400,     2.376178,     0.002201
  1680.450,     1.879807,     0.001475
  1680.500,     1.291443,     0.001506
  1680.550,     0.667376,     0.001262
  1680.600,     0.051063,     0.000131
  1680.650,    -0.493588,    -0.000026
  1680.700,    -0.873318,    -0.001561
  1680.750,    -0.999738,     0.000293
  1680.800,    -0.838765,    -0.000012
  1680.850,    -0.422766,    -0.002172
  1680.900,     0.165994,    -0.001723
  1680.950,     0.821268,    -0.000848
  1681.000,     1.477082,     0.000008
  1681.050,     2.032239,     0.000854
  1681.100,     2.370591,    -0.000037
  1681.150,     2.425101,    -0.000174
  1681.200,     2.220509,    -0.000609
  1681.250,     1.876979,     0.001079
  1681.300,     1.525132,     0.001667
  1681.350,     1.201461,     0.002801
  1681.400,     0.905533,     0.002452
  1681.450,     0.618654,     0.003380
  1681.500,     0.354227,     0.002139
  1681.550,     0.129820,     0.002181
  1681.600,    -0.093337,     0.001468
  1681.650,    -0.313056,    -0.000691
  1681.700,    -0.497433,    -0.001458
  1681.750,    -0.564121,    -0.000914
  1681.800,    -0.439794,    -0.001923
  1681.850,    -0.095564,    -0.000717
  1681.900,     0.391632,    -0.002217
  1681.950,     0.914027,    -0.001676
  1682.000,     1.381513,    -0.001505
  1682.050,     1.737164,    -0.000624
  1682.100,     1.918086,     0.000650
  1682.150,     1.845875,     0.000438
  1682.200,     1.492123,     0.001046
  1682.250,     0.916615,     0.002032
  1682.300,     0.288193,     0.004003
  1682.350,    -0.242493,     0.003773
  1682.400,    -0.595497,     0.002556
  1682.450,    -0.810498,     0.002118
  1682.500,    -0.907908,     0.002031
  1682.550,    -0.835693,     0.001093
  1682.600,    -0.515423,     0.000426
  1682.650,     0.055397,    -0.000168
  1682.700,     0.754521,    -0.001954
  1682.750,     1.416072,    -0.002251
  1682.800,     1.923829,    -0.001203
  1682.850,     2.210052,    -0.000359
  1682.900,     2.243661,    -0.000163
  1682.950,     2.039795,    -0.001212
  1683.000,     1.629383,    -0.001627
  1683.050,     1.078846,     0.000203
  1683.100,     0.487807,     0.000973
  1683.150,    -0.074804,     0.001128
  1683.200,    -0.530814,     0.001421
  1683.250,    -0.881658,     0.002378
  1683.300,    -1.205020,     0.001504
  1683.350,    -1.543859,     0.002659
  1683.400,    -1.847054,     0.002475
  1683.450,    -1.998249,     0.000908
  1683.500,    -1.865967,     0.000415
  1683.550,    -1.386744,    -0.000088
  1683.600,    -0.628719,     0.000203
  1683.650,     0.266644,     0.000045
  1683.700,     1.084096,    -0.000484
  1683.750,     1.624733,    -0.000528
  1683.800,     1.806273,     0.000108
  1683.850,     1.659373,     0.000838
  1683.900,     1.276190,    -0.000325
  1683.950,     0.734600,    -0.000532
  1684.000,     0.078318,    -0.000977
  1684.050,    -0.591497,    -0.000694
  1684.100,    -1.130401,    -0.001044
  1684.150,    -1.416070,     0.000052
  1684.200,    -1.390423,     0.000535
  1684.250,    -1.075511,    -0.000667
  1684.300,    -0.578219,     0.001310
  1684.350,     0.009724,     0.000840
  1684.400,     0.543290,     0.000244
  1684.450,     0.926918,     0.001230
  1684.500,     1.110968,     0.001426
  1684.550,     1.094124,     0.001029
  1684.600,     0.903586,     0.001862
  1684.650,     0.573272,     0.000303
  1684.700,     0.149291,     0.000206
  1684.750,    -0.274629,     0.000793
  1684.800,    -0.576644,    -0.001161
  1684.850,    -0.703631,    -0.000031
  1684.900,    -0.673021,    -0.001067
  1684.950,    -0.536057,    -0.001692
  1685.000,    -0.364117,    -0.001623
  1685.050,    -0.206867,    -0.000601
  1685.100,    -0.081934,    -0.001861
  1685.150,    -0.013921,     0.000348
  1685.200,     0.013862,     0.000342
  1685.250,    -0.030896,     0.000640
  1685.300,    -0.092326,     0.001182
  1685.350,    -0.075001,     0.002028
  1685.400,     0.109074,     0.002659
  1685.450,     0.452833,     0.002845
  1685.500,     0.844384,     0.002410
  1685.550,     1.152866,     0.002569
  1685.600,     1.270419,     0.000830
  1685.650,     1.192882,     0.001370
  1685.700,     0.985160,     0.001175
  1685.750,     0.685624,     0.000303
  1685.800,     0.297962,    -0.001070
  1685.850,    -0.176032,    -0.002460
  1685.900,    -0.667612,    -0.001235
  1685.950,    -1.076642,    -0.001451
  1686.000,    -1.302435,    -0.002321
  1686.050,    -1.296059,    -0.000658
  1686.100,    -1.077473,    -0.000781
  1686.150,    -0.705887,    -0.000743
  1686.200,    -0.233774,     0.000011
  1686.250,     0.265668,     0.001657
  1686.300,     0.727260,     0.001680
  1686.350,     1.092939,     0.002160
  1686.400,     1.315489,     0.001518
  1686.450,     1.362728,     0.002408
  1686.500,     1.244935,     0.001501
  1686.550,     1.014645,     0.002103
  1686.600,     0.722924,     0.000227
  1686.650,     0.422512,     0.000385
  1686.700,     0.145520,     0.000955
  1686.750,    -0.087158,    -0.000014
  1686.800,    -0.260939,    -0.000757
  1686.850,    -0.383450,    -0.000538
  1686.900,    -0.433632,    -0.001182
  1686.950,    -0.365696,    -0.000314
  1687.000,    -0.153816,    -0.000473
  1687.050,     0.212441,    -0.000747
  1687.100,     0.670286,    -0.000012
  1687.150,     1.137654,    -0.002265
  1687.200,     1.568120,    -0.000613
  1687.250,     1.920531,     0.000216
  1687.300,     2.177326,     0.000324
  1687.350,     2.271679,     0.000671
  1687.400,     2.097297,     0.001131
  1687.450,     1.599440,     0.000818
  1687.500,     0.829743,     0.001282
  1687.550,    -0.065447,     0.001110
  1687.600,    -0.844564,     0.001874
  1687.650,    -1.321138,     0.001467
  1687.700,    -1.406301,     0.001293
  1687.750,    -1.128478,     0.001036
  1687.800,    -0.564758,     0.000710
  1687.850,     0.171982,    -0.000316
  1687.900,     0.922918,    -0.001446
  1687.950,     1.543771,    -0.000263
  1688.000,     1.918793,    -0.000404
  1688.050,     1.991100,    -0.001053
  1688.100,     1.796574,    -0.001389
  1688.150,     1.430222,    -0.000689
  1688.200,     1.031187,    -0.000830
  1688.250,     0.710802,    -0.000481
  1688.300,     0.529643,    -0.000199
  1688.350,     0.469979,    -0.000547
  1688.400,     0.434908,     0.001353
  1688.450,     0.347111,     0.001233
  1688.500,     0.195425,     0.001581
  1688.550,     0.033095,     0.001375
  1688.600,    -0.072870,     0.000866
  1688.650,    -0.113230,     0.001584
  1688.700,    -0.130899,     0.001801
  1688.750,    -0.158143,     0.001166
  1688.800,    -0.159713,     0.001019
  1688.850,    -0.075123,     0.001230
  1688.900,     0.150134,     0.000459
  1688.950,     0.465075,    -0.000741
  1689.000,     0.777557,    -0.001237
  1689.050,     1.019131,    -0.000953
  1689.100,     1.183869,    -0.000789
  1689.150,     1.280309,    -0.002107
  1689.200,     1.311025,    -0.000237
  1689.250,     1.259993,    -0.000415
  1689.300,     1.104350,    -0.002148
  1689.350,     0.835769,    -0.001742
  1689.400,     0.478696,     0.000751
  1689.450,     0.096165,     0.001637
  1689.500,    -0.202587,     0.000599
  1689.550,    -0.280922,     0.002044
  1689.600,    -0.126772,     0.002454
  1689.650,     0.148205,     0.001729
  1689.700,     0.374946,     0.000686
  1689.750,     0.424229,     0.001523
  1689.800,     0.293265,     0.002130
  1689.850,     0.086469,     0.000834
  1689.900,    -0.069036,    -0.000318
  1689.950,    -0.085554,     0.001046
  1690.000,     0.020988,     0.000514
  1690.050,     0.174310,    -0.000824
  1690.100,     0.327578,    -0.001300
  1690.150,     0.461974,    -0.000662
  1690.200,     0.607195,    -0.000267
  1690.250,     0.748578,    -0.000904
  1690.300,     0.814389,    -0.001390
  1690.350,     0.754371,    -0.000284
  1690.400,     0.602310,     0.001156
  1690.450,     0.433633,     0.001111
  1690.500,     0.330067,     0.001164
  1690.550,     0.318967,     0.000295
  1690.600,     0.381904,     0.002352
  1690.650,     0.495486,     0.002712
  1690.700,     0.637047,     0.002081
  1690.750,     0.773711,     0.000087
  1690.800,     0.855540,     0.000671
  1690.850,     0.825718,     0.001552
  1690.900,     0.644563,     0.000327
  1690.950,     0.323387,    -0.000095
  1691.000,    -0.055358,    -0.000757
  1691.050,    -0.401023,    -0.000992
  1691.100,    -0.627301,     0.000258
  1691.150,    -0.709853,    -0.000575
  1691.200,    -0.663917,    -0.000122
  1691.250,    -0.495391,     0.000374
  1691.300,    -0.231481,    -0.000303
  1691.350,     0.104831,    -0.001215
  1691.400,     0.458761,    -0.000024
  1691.450,     0.768284,     0.002442
  1691.500,     0.972732,     0.001238
  1691.550,     0.998783,     0.000690
  1691.600,     0.818805,     0.000593
  1691.650,     0.445878,     0.001410
  1691.700,    -0.072071,     0.002881
  1691.750,    -0.596955,     0.002352
  1691.800,    -1.002236,     0.000607
  1691.850,    -1.180081,     0.001376
  1691.900,    -1.058709,     0.000536
  1691.950,    -0.645656,     0.000730
  1692.000,    -0.059219,    -0.000500
  1692.050,     0.500894,    -0.001334
  1692.100,     0.879925,    -0.000804
  1692.150,     1.041208,    -0.000432
  1692.200,     1.006816,     0.000240
  1692.250,     0.830676,    -0.000988
  1692.300,     0.588478,    -0.001218
  1692.350,     0.341760,    -0.001201
  1692.400,     0.120125,    -0.000052
  1692.450,    -0.048882,     0.001504
  1692.500,    -0.175631,     0.001028
  1692.550,    -0.262710,     0.002028
  1692.600,    -0.311336,     0.000102
  1692.650,    -0.296336,     0.000356
  1692.700,    -0.209863,     0.000729
  1692.750,    -0.081993,     0.000048
  1692.800,     0.067689,     0.001043
  1692.850,     0.213560,     0.000908
  1692.900,     0.347338,     0.001150
  1692.950,     0.447828,     0.001701
  1693.000,     0.505959,     0.000900
  1693.050,     0.514618,    -0.001028
  1693.100,     0.501399,    -0.001386
  1693.150,     0.481579,    -0.001409
  1693.200,     0.452062,    -0.001097
  1693.250,     0.436428,     0.000361
  1693.300,     0.438096,     0.000000
  1693.350,     0.440636,    -0.001513
  1693.400,     0.379411,    -0.000632
  1693.450,     0.204029,    -0.000269
  1693.500,    -0.040240,    -0.000580
  1693.550,    -0.227115,     0.000298
  1693.600,    -0.214763,     0.000969
  1693.650,     0.013491,     0.000720
  1693.700,     0.379886,     0.001257
  1693.750,     0.774024,     0.001701
  1693.800,     1.126180,     0.001362
  1693.850,     1.368982,     0.000011
  1693.900,     1.447406,     0.000684
  1693.950,     1.367528,     0.001457
  1694.000,     1.179671,     0.001453
  1694.050,     0.971581,    -0.000070
  1694.100,     0.824191,    -0.000196
  1694.150,     0.735820,    -0.001986
  1694.200,     0.688256,    -0.003417
  1694.250,     0.632460,    -0.001630
  1694.300,     0.578581,    -0.000633
  1694.350,     0.556989,     0.000046
  1694.400,     0.603800,     0.000488
  1694.450,     0.670627,     0.000649
  1694.500,     0.708354,     0.001610
  1694.550,     0.713667,     0.001162
  1694.600,     0.723901,    -0.000448
  1694.650,     0.775405,    -0.000804
  1694.700,     0.841810,    -0.001027
  1694.750,     0.893874,     0.000552
  1694.800,     0.897353,    -0.000205
  1694.850,     0.894535,     0.001584
  1694.900,     0.946081,     0.000353
  1694.950,     1.043340,    -0.000195
  1695.000,     1.110014,     0.000729
  1695.050,     1.036287,    -0.000371
  1695.100,     0.767108,     0.000861
  1695.150,     0.310576,     0.000909
  1695.200,    -0.239264,    -0.000344
  1695.250,    -0.759611,     0.000512
  1695.300,    -1.129499,     0.000731
  1695.350,    -1.294307,     0.001004
  1695.400,    -1.237445,     0.000134
  1695.450,    -0.961299,     0.001329
  1695.500,    -0.485582,     0.001155
  1695.550,     0.146671,     0.000467
  1695.600,     0.818946,    -0.000153
  1695.650,     1.409013,     0.001502
  1695.700,     1.801410,     0.000434
  1695.750,     1.947089,     0.000777
  1695.800,     1.804367,    -0.000287
  1695.850,     1.407589,    -0.000763
  1695.900,     0.893634,     0.000499
  1695.950,     0.400433,     0.001195
  1696.000,     0.020990,     0.001537
  1696.050,    -0.232509,     0.001924
  1696.100,    -0.365682,     0.000704
  1696.150,    -0.382738,     0.000715
  1696.200,    -0.265456,     0.000541
  1696.250,    -0.005595,     0.001476
  1696.300,     0.330199,     0.000055
  1696.350,     0.675107,    -0.000057
  1696.400,     0.975139,     0.000269
  1696.450,     1.218750,     0.000001
  1696.500,     1.385307,     0.000015
  1696.550,     1.432862,    -0.000414
  1696.600,     1.305719,    -0.000401
  1696.650,     0.986572,    -0.000268
  1696.700,     0.521892,    -0.000234
  1696.750,    -0.023172,     0.000721
  1696.800,    -0.520579,     0.001461
  1696.850,    -0.901746,     0.001949
  1696.900,    -1.118188,     0.001318
  1696.950,    -1.182470,     0.001483
  1697.000,    -1.130248,     0.000725
  1697.050,    -1.004726,    -0.000751
  1697.100,    -0.812795,     0.000473
  1697.150,    -0.539169,     0.000551
  1697.200,    -0.198539,    -0.001305
  1697.250,     0.147561,    -0.000982
  1697.300,     0.431038,    -0.001447
  1697.350,     0.632541,     0.000092
  1697.400,     0.747102,    -0.000504
  1697.450,     0.756055,    -0.000199
  1697.500,     0.673096,     0.000827
  1697.550,     0.510674,     0.001175
  1697.600,     0.307151,     0.000204
  1697.650,     0.088192,     0.001095
  1697.700,    -0.151289,     0.002773
  1697.750,    -0.400036,     0.001160
  1697.800,    -0.651580,     0.001628
  1697.850,    -0.865841,     0.001369
  1697.900,    -1.007656,     0.000381
  1697.950,    -1.058006,     0.001666
  1698.000,    -1.007238,     0.000267
  1698.050,    -0.862794,     0.000061
  1698.100,    -0.617553,    -0.000295
  1698.150,    -0.269769,    -0.000203
  1698.200,     0.163369,    -0.000140
  1698.250,     0.593331,     0.000224
  1698.300,     0.911704,     0.000353
  1698.350,     1.066825,    -0.000615
  1698.400,     1.044962,     0.000862
  1698.450,     0.867802,     0.001087
  1698.500,     0.596654,     0.001202
  1698.550,     0.273020,     0.000958
  1698.600,    -0.061945,     0.000930
  1698.650,    -0.358288,     0.001287
  1698.700,    -0.603800,     0.001084
  1698.750,    -0.804293,     0.000372
  1698.800,    -0.967880,    -0.000158
  1698.850,    -1.082129,    -0.000948
  1698.900,    -1.114347,     0.000725
  1698.950,    -1.032905,     0.000365
  1699.000,    -0.815523,     0.001273
  1699.050,    -0.440713,     0.000958
  1699.100,     0.066128,     0.000529
  1699.150,     0.587241,     0.001384
  1699.200,     0.976333,     0.001032
  1699.250,     1.160774,     0.000008
  1699.300,     1.159852,     0.000939
  1699.350,     1.035442,     0.000435
  1699.400,     0.808518,    -0.000623
  1699.450,     0.469925,     0.000041
  1699.500,     0.024511,     0.000958
  1699.550,    -0.440359,    -0.000004
  1699.600,    -0.815305,     0.000647
  1699.650,    -1.014291,     0.000208
  1699.700,    -1.002418,    -0.000664
  1699.750,    -0.774358,     0.000175
  1699.800,    -0.348677,     0.000901
  1699.850,     0.219106,     0.002625
  1699.900,     0.833983,     0.001937
  1699.950,     1.382510,     0.001645
  1700.000,     1.768946,    -0.000286
  1700.050,     1.929618,     0.000930
  1700.100,     1.855573,     0.000700
  1700.150,     1.565541,     0.000217
  1700.200,     1.125226,    -0.000270
  1700.250,     0.624546,    -0.000712
  1700.300,     0.145037,    -0.001757
  1700.350,    -0.233220,    -0.000988
  1700.400,    -0.443744,    -0.001424
  1700.450,    -0.490509,    -0.000205
  1700.500,    -0.425866,     0.000545
  1700.550,    -0.309675,     0.000778
  1700.600,    -0.154231,     0.001189
  1700.650,     0.078998,     0.001433
  1700.700,     0.381648,     0.000903
  1700.750,     0.713430,     0.002283
  1700.800,     0.988165,     0.000888
  1700.850,     1.128175,     0.001733
  1700.900,     1.148517,     0.001006
  1700.950,     1.139831,    -0.000117
  1701.000,     1.121036,    -0.001835
  1701.050,     1.077758,    -0.001862
  1701.100,     0.965615,    -0.001478
  1701.150,     0.815098,    -0.000576
  1701.200,     0.682461,    -0.001233
  1701.250,     0.608063,    -0.000566
  1701.300,     0.593457,    -0.000283
  1701.350,     0.544078,    -0.000128
  1701.400,     0.423057,     0.000288
  1701.450,     0.253271,     0.001314
  1701.500,     0.071034,     0.002034
  1701.550,    -0.027604,     0.001473
  1701.600,    -0.015934,     0.003014
  1701.650,     0.117451,     0.001308
  1701.700,     0.347711,     0.001863
  1701.750,     0.617542,     0.000928
  1701.800,     0.841367,    -0.000981
  1701.850,     0.945106,    -0.001073
  1701.900,     0.908975,    -0.000373
  1701.950,     0.758103,    -0.000346
  1702.000,     0.553029,    -0.000646
  1702.050,     0.354046,    -0.001041
  1702.100,     0.182549,    -0.000696
  1702.150,     0.064600,    -0.000297
  1702.200,     0.006394,    -0.001172
  1702.250,     0.005435,     0.000117
  1702.300,     0.032513,     0.000531
  1702.350,     0.091513,     0.000906
  1702.400,     0.191484,     0.000953
  1702.450,     0.359409,     0.000990
  1702.500,     0.566315,     0.001061
  1702.550,     0.779951,     0.001276
  1702.600,     0.985601,     0.000442
  1702.650,     1.163326,     0.000079
  1702.700,     1.333372,     0.000058
  1702.750,     1.479352,     0.000204
  1702.800,     1.573025,     0.000113
  1702.850,     1.617300,    -0.000848
  1702.900,     1.604155,    -0.000418
  1702.950,     1.517901,    -0.000178
  1703.000,     1.352004,     0.001312
  1703.050,     1.099413,    -0.000037
  1703.100,     0.806788,    -0.000255
  1703.150,     0.544602,    -0.000714
  1703.200,     0.369894,     0.000405
  1703.250,     0.336380,    -0.000229
  1703.300,     0.484806,     0.000903
  1703.350,     0.813869,     0.001674
  1703.400,     1.278827,     0.001511
  1703.450,     1.784901,     0.001264
  1703.500,     2.207183,     0.000895
  1703.550,     2.472845,     0.000777
  1703.600,     2.540112,     0.001469
  1703.650,     2.423219,     0.000891
  1703.700,     2.147374,    -0.000158
  1703.750,     1.748497,    -0.000394
  1703.800,     1.299950,     0.000113
  1703.850,     0.871383,    -0.001422
  1703.900,     0.552376,    -0.000878
  1703.950,     0.397228,    -0.000471
  1704.000,     0.435574,    -0.001451
  1704.050,     0.630982,    -0.000327
  1704.100,     0.909305,    -0.000656
  1704.150,     1.159627,     0.000736
  1704.200,     1.278587,     0.001596
  1704.250,     1.250549,     0.000412
  1704.300,     1.141568,     0.001909
  1704.350,     1.016238,     0.000547
  1704.400,     0.941636,     0.001242
  1704.450,     0.929691,     0.001281
  1704.500,     0.974742,     0.000754
  1704.550,     1.069747,    -0.000602
  1704.600,     1.189286,    -0.000042
  1704.650,     1.314534,    -0.002420
  1704.700,     1.372047,    -0.000328
  1704.750,     1.370975,    -0.001198
  1704.800,     1.319075,     0.000853
  1704.850,     1.255228,    -0.001336
  1704.900,     1.214486,     0.001779
  1704.950,     1.201528,    -0.001249
  1705.000,     1.212790,     0.002264
  1705.050,     1.219314,     0.001569
  1705.100,     1.216514,     0.000642
  1705.150,     1.204818,     0.003004
  1705.200,     1.222556,    -0.000024
  1705.250,     1.260560,     0.000415
  1705.300,     1.305520,     0.000539
  1705.350,     1.345135,    -0.000888
  1705.400,     1.387102,    -0.000295
  1705.450,     1.434811,    -0.000478
  1705.500,     1.438066,    -0.001669
  1705.550,     1.368852,    -0.000986
  1705.600,     1.200705,     0.000252
  1705.650,     0.981053,    -0.000557
  1705.700,     0.776346,    -0.000965
  1705.750,     0.642621,     0.001438
  1705.800,     0.611896,     0.001325
  1705.850,     0.648984,     0.001807
  1705.900,     0.719061,     0.001217
  1705.950,     0.759064,    -0.000134
  1706.000,     0.753786,     0.002090
  1706.050,     0.682706,     0.000705
  1706.100,     0.580639,     0.001889
  1706.150,     0.504969,     0.000173
  1706.200,     0.507557,     0.000289
  1706.250,     0.624954,    -0.000235
  1706.300,     0.832152,    -0.000465
  1706.350,     1.035395,    -0.001713
  1706.400,     1.198488,    -0.001578
  1706.450,     1.303887,    -0.001156
  1706.500,     1.346756,    -0.000851
  1706.550,     1.331927,    -0.001165
  1706.600,     1.240177,    -0.000983
  1706.650,     1.110251,     0.001606
  1706.700,     0.974626,     0.001452
  1706.750,     0.877497,     0.002025
  1706.800,     0.807319,     0.002283
  1706.850,     0.756493,     0.001274
  1706.900,     0.764834,     0.001163
  1706.950,     0.872605,    -0.000768
  1707.000,     1.082882,    -0.000009
  1707.050,     1.320285,    -0.001444
  1707.100,     1.485454,    -0.000194
  1707.150,     1.501925,    -0.001496
  1707.200,     1.338624,     0.000004
  1707.250,     1.004838,     0.000172
  1707.300,     0.571550,     0.000181
  1707.350,     0.138094,     0.002501
  1707.400,    -0.187679,     0.001004
  1707.450,    -0.316440,     0.001294
  1707.500,    -0.219712,     0.003714
  1707.550,     0.059719,     0.000363
  1707.600,     0.453345,     0.001875
  1707.650,     0.874270,     0.000681
  1707.700,     1.262607,     0.001648
  1707.750,     1.553383,    -0.001703
  1707.800,     1.679587,    -0.001262
  1707.850,     1.592083,    -0.000725
  1707.900,     1.304973,    -0.001993
  1707.950,     0.895230,    -0.000763
  1708.000,     0.476084,    -0.001276
  1708.050,     0.143249,     0.000467
  1708.100,    -0.027622,     0.002306
  1708.150,     0.006968,     0.001803
  1708.200,     0.229665,     0.000980
  1708.250,     0.576022,     0.001454
  1708.300,     0.984461,    -0.001169
  1708.350,     1.352149,    -0.000237
  1708.400,     1.609561,    -0.001260
  1708.450,     1.710583,    -0.000442
  1708.500,     1.691479,    -0.002572
  1708.550,     1.591032,    -0.001178
  1708.600,     1.474229,    -0.001338
  1708.650,     1.391029,    -0.000143
  1708.700,     1.343707,     0.001633
  1708.750,     1.347598,     0.000331
  1708.800,     1.376660,     0.002288
  1708.850,     1.401973,     0.000843
  1708.900,     1.383596,     0.001257
  1708.950,     1.313777,     0.000231
  1709.000,     1.196430,    -0.000822
  1709.050,     1.077743,    -0.000633
  1709.100,     0.963910,    -0.002329
  1709.150,     0.867213,    -0.000692
  1709.200,     0.798122,    -0.001326
  1709.250,     0.787094,    -0.000310
  1709.300,     0.856291,     0.002037
  1709.350,     1.029000,     0.000086
  1709.400,     1.263966,     0.001298
  1709.450,     1.483361,     0.000557
  1709.500,     1.619590,     0.000395
  1709.550,     1.614722,    -0.000347
  1709.600,     1.479668,    -0.001242
  1709.650,     1.233984,     0.000421
  1709.700,     0.916061,    -0.001870
  1709.750,     0.554098,     0.000520
  1709.800,     0.227280,    -0.000543
  1709.850,     0.005671,     0.000623
  1709.900,    -0.024190,     0.001203
  1709.950,     0.135501,     0.000884
  1710.000,     0.421944,     0.001084

